name,area,wage,experience,frim,others
数据库工程师（DBA）,荔湾区,12k-18k,"12k-18k
                        经验3-5年 / 本科",名创优品miniso,移动互联网 / B轮 / 2000人以上
数据库治理工程师,珠江新城,10k-20k,"10k-20k
                        经验3-5年 / 本科",和宇健康科技股份有限公司,医疗丨健康 / 不需要融资 / 150-500人
数据挖掘工程师,岭南,15k-30k,"15k-30k
                        经验3-5年 / 不限",快乐种子,"教育,游戏 / B轮 / 2000人以上"
数据运营专员,天河区,5k-10k,"5k-10k
                        经验1-3年 / 本科",SuperADS,"移动互联网,广告营销 / A轮 / 50-150人"
大数据开发工程师,天河公园,12k-20k,"12k-20k
                        经验1-3年 / 本科",广州汇智通信技术有限公司,信息安全 / 不需要融资 / 500-2000人
数据推广主管（天猫）,沙河,10k-15k,"10k-15k
                        经验1-3年 / 大专",卡姿兰集团,其他 / 未融资 / 500-2000人
高级大数据开发工程师,客村,15k-30k,"15k-30k
                        经验3-5年 / 本科",悦谦科技,移动互联网 / 不需要融资 / 50-150人
数据挖掘算法工程师,越秀区,8k-15k,"8k-15k
                        经验不限 / 硕士",广东智源,"移动互联网,企业服务 / 不需要融资 / 50-150人"
数据仓库开发工程师,黄埔区,10k-20k,"10k-20k
                        经验1-3年 / 大专",新娱加传媒,文娱丨内容 / C轮 / 150-500人
数据治理工程,东山口,6k-12k,"6k-12k
                        经验1-3年 / 本科",光点科技,"移动互联网,数据服务 / 未融资 / 50-150人"
资深数据开发工程师,天河区,25k-40k,"25k-40k
                        经验5-10年 / 本科",影子科技,"企业服务,数据服务 / 不需要融资 / 150-500人"
大数据开发工程师,天河区,15k-25k,"15k-25k
                        经验3-5年 / 本科",智牛数字科技,"数据服务,物联网 / C轮 / 500-2000人"
数据产品经理,东圃,15k-25k,"15k-25k
                        经验1-3年 / 本科",跨运达货运,其他 / A轮 / 50-150人
产品经理（偏数据方向）,黄埔区,15k-30k,"15k-30k
                        经验3-5年 / 本科",博依特,"企业服务,数据服务 / A轮 / 50-150人"
大数据开发工程师 （后端）,珠江新城,25k-41k,"25k-41k
                        经验5-10年 / 本科",富力地产,"移动互联网,电商 / 上市公司 / 2000人以上"
数据分析,大石,15k-25k,"15k-25k
                        经验3-5年 / 本科",逐鹿网络,软件开发 / 不需要融资 / 15-50人
JAVA大数据开发工程师,东风东,20k-23k,"20k-23k
                        经验5-10年 / 大专",carenet,"移动互联网,消费生活 / 未融资 / 150-500人"
数据运营,南洲,6k-10k,"6k-10k
                        经验应届毕业生 / 本科",西洋购,"移动互联网,电商 / 不需要融资 / 50-150人"
数据挖掘工程师,天河区,8k-13k,"8k-13k
                        经验不限 / 本科",合众财富,"金融,移动互联网 / 不需要融资 / 150-500人"
大数据开发工程师,珠江新城,18k-25k,"18k-25k
                        经验3-5年 / 本科",德勤,金融 / 不需要融资 / 2000人以上
数据工程师,天河区,11k-15k,"11k-15k
                        经验1-3年 / 本科",省联合电子,"移动互联网,信息安全 / 不需要融资 / 500-2000人"
Java开发及大数据架构工程师,天河区,8k-15k,"8k-15k
                        经验不限 / 本科",广东联通通信建设有限公司,其他 / 上市公司 / 150-500人
高级数据挖掘工程师,棠下,15k-30k,"15k-30k
                        经验3-5年 / 本科",3K游戏,"游戏,移动互联网 / 上市公司 / 150-500人"
数据分析总监,解放南,15k-30k,"15k-30k
                        经验5-10年 / 本科",大麦电商,"电商,企业服务 / 天使轮 / 150-500人"
数据库工程师/DBA,五山,15k-25k,"15k-25k
                        经验3-5年 / 本科",瑞云网络,"移动互联网,电商 / 不需要融资 / 50-150人"
大数据开发工程师-广州,江南大道,13k-20k,"13k-20k
                        经验3-5年 / 本科",中信网科,金融 / 不需要融资 / 500-2000人
数据仓库架构师 (MJ000536),天园,30k-50k,"30k-50k
                        经验5-10年 / 本科",荔枝,社交 / 上市公司 / 500-2000人
数据库管理员,天河区,8k-12k,"8k-12k
                        经验1-3年 / 大专",鼎捷软件,其他 / 上市公司 / 2000人以上
大数据项目经理,大沙,20k-30k,"20k-30k
                        经验3-5年 / 本科",云徙科技,"数据服务,移动互联网 / B轮 / 500-2000人"
数据开发工程师,大新,12k-17k,"12k-17k
                        经验3-5年 / 本科",广州城电,其他 / 上市公司 / 500-2000人
大数据开发工程师,黄埔区,18k-28k,"18k-28k
                        经验3-5年 / 本科",智光研究院,其他 / 上市公司 / 500-2000人
客服数据标注,石,3k-5k,"3k-5k
                        经验不限 / 大专",半塘网络,教育 / 未融资 / 少于15人
推广与数据分析专员（2020校招）,客村,5k-7k,"5k-7k
                        经验应届毕业生 / 本科",青木科技,电商 / 未融资 / 500-2000人
数据分析师,东圃,6k-8k,"6k-8k
                        经验1-3年 / 大专",舒合医疗器械,电商 / 不需要融资 / 50-150人
大数据负责人,黄埔区,30k-40k,"30k-40k
                        经验5-10年 / 本科",博依特,"企业服务,数据服务 / A轮 / 50-150人"
数据分析师,天河区,10k-15k,"10k-15k
                        经验1-3年 / 本科",广州思迈特,"企业服务,数据服务 / B轮 / 150-500人"
数据分析主管（BI）,珠江新城,12k-16k,"12k-16k
                        经验3-5年 / 不限",卡姿兰集团,其他 / 未融资 / 500-2000人
数据开发工程师,白云大道,12k-20k,"12k-20k
                        经验5-10年 / 本科",宏石信息,数据服务 / 未融资 / 15-50人
数据产品经理,天河区,18k-25k,"18k-25k
                        经验3-5年 / 本科",爱员工,移动互联网 / B轮 / 150-500人
数据分析师,天河区,8k-15k,"8k-15k
                        经验不限 / 本科",拉卡拉,"移动互联网,金融 / 不需要融资 / 500-2000人"
【2020校招】数据研发工程师,龙口,12k-18k,"12k-18k
                        经验应届毕业生 / 不限",4399游戏,游戏 / 未融资 / 500-2000人
高级数据产品经理（标签中台方向）,天河区,20k-35k,"20k-35k
                        经验3-5年 / 本科",网易,电商 / 上市公司 / 2000人以上
数据分析师,棠下,10k-18k,"10k-18k
                        经验3-5年 / 本科",华资软件,"移动互联网,数据服务 / 上市公司 / 500-2000人"
ETL数据研发工程师(J10570),大学城,10k-15k,"10k-15k
                        经验1-3年 / 本科",有米科技,广告营销 / 上市公司 / 150-500人
高级数据产品经理,越秀区,20k-40k,"20k-40k
                        经验3-5年 / 本科",广州市果肉教育科技有限公司,"移动互联网,教育 / 不需要融资 / 500-2000人"
数据标注实习生,五山,2k-4k,"2k-4k
                        经验应届毕业生 / 不限",掌门集团,"移动互联网,消费生活 / B轮 / 500-2000人"
大数据开发工程师,琶洲,10k-20k,"10k-20k
                        经验1-3年 / 本科",君海游戏,游戏 / 上市公司 / 500-2000人
业务数据分析师,岭南,15k-30k,"15k-30k
                        经验3-5年 / 本科",广州市果肉教育科技有限公司,"移动互联网,教育 / 不需要融资 / 500-2000人"
数据分析师/数据运营,跑马场,10k-20k,"10k-20k
                        经验3-5年 / 本科",瓷肌,"移动互联网,电商 / B轮 / 150-500人"
资深数据分析师（新零售）,白鹅潭,15k-30k,"15k-30k
                        经验5-10年 / 本科",唯品会,电商 / 上市公司 / 2000人以上
数据分析师,海珠区,15k-25k,"15k-25k
                        经验3-5年 / 本科",中烁网络,游戏 / 不需要融资 / 150-500人
大数据开发工程师,五山,20k-30k,"20k-30k
                        经验3-5年 / 大专",华广软件,"企业服务,人工智能 / 未融资 / 50-150人"
海外市场数据分析专员,天河城,4k-8k,"4k-8k
                        经验应届毕业生 / 不限",冰鸟,"移动互联网,游戏 / 上市公司 / 150-500人"
数据产品经理,黄埔区,15k-25k,"15k-25k
                        经验不限 / 本科",蓝月亮,消费生活 / 不需要融资 / 2000人以上
大数据产品经理,黄埔区,15k-20k,"15k-20k
                        经验3-5年 / 本科",IFEC,广告营销 / 不需要融资 / 50-150人
大数据项目经理-广州-00179,冼村,15k-20k,"15k-20k
                        经验5-10年 / 本科",DataStory,数据服务 / B轮 / 150-500人
大数据算法工程师,天河区,10k-20k,"10k-20k
                        经验1-3年 / 本科",建顺信息,"消费生活,物流丨运输 / A轮 / 50-150人"
数据分析实习生,南沙区,2k-3k,"2k-3k
                        经验不限 / 本科",广汽蔚来,汽车丨出行 / A轮 / 150-500人
大数据开发工程师,萝岗区,8k-12k,"8k-12k
                        经验1-3年 / 本科",广州海颐软件有限公司,移动互联网 / 未融资 / 150-500人
数据产品经理,钟村,20k-35k,"20k-35k
                        经验3-5年 / 本科",翼课网,"移动互联网,教育 / 不需要融资 / 500-2000人"
大数据挖掘师,五山,15k-28k,"15k-28k
                        经验3-5年 / 本科",浩瀚深度,"硬件,数据服务 / 上市公司 / 150-500人"
大数据组件开发工程师,天河区,15k-25k,"15k-25k
                        经验1-3年 / 本科",网易,电商 / 上市公司 / 2000人以上
大数据架构师,棠下,30k-50k,"30k-50k
                        经验5-10年 / 本科",广州好邻居网络科技有限公司,"移动互联网,企业服务 / A轮 / 50-150人"
数据产品经理,天河城,15k-22k,"15k-22k
                        经验3-5年 / 不限",玄武科技,企业服务 / 上市公司 / 500-2000人
AI数据运营工程师（数据挖掘 算法）,珠江新城,14k-18k,"14k-18k
                        经验不限 / 本科",森焱国际供应链管理,"电商,其他 / 未融资 / 50-150人"
高级数据运营专员,天河北,10k-20k,"10k-20k
                        经验3-5年 / 本科",全球购骑士特权,电商 / A轮 / 500-2000人
大数据开发工程师,天河区,12k-22k,"12k-22k
                        经验3-5年 / 本科",Goat Games,游戏 / 上市公司 / 50-150人
大数据运维工程师,东风东,14k-22k,"14k-22k
                        经验3-5年 / 大专",carenet,"移动互联网,消费生活 / 未融资 / 150-500人"
客服数据标注,石,3k-5k,"3k-5k
                        经验不限 / 不限",半塘网络,教育 / 未融资 / 少于15人
模型开发及数据分析,林和,15k-30k,"15k-30k
                        经验5-10年 / 本科",中邮消费金融,金融 / 不需要融资 / 500-2000人
数据产品经理,越秀区,15k-20k,"15k-20k
                        经验3-5年 / 本科",筷子科技,"数据服务,广告营销 / B轮 / 50-150人"
数据治理经理,珠江新城,25k-35k,"25k-35k
                        经验5-10年 / 本科",信创电子,"电商,企业服务 / 不需要融资 / 50-150人"
数据开发工程师,黄岐,20k-30k,"20k-30k
                        经验3-5年 / 本科",一手,"移动互联网,电商 / B轮 / 500-2000人"
数据分析师,海珠区,10k-15k,"10k-15k
                        经验不限 / 本科",广州汇智通信技术有限公司,信息安全 / 不需要融资 / 500-2000人
数据治理工程师,员村,15k-22k,"15k-22k
                        经验3-5年 / 本科",海捷科技,"移动互联网,数据服务 / 不需要融资 / 50-150人"
大数据产品经理,天河公园,15k-30k,"15k-30k
                        经验3-5年 / 本科",纳海川科技,"移动互联网,数据服务 / 不需要融资 / 50-150人"
数据客服,永平,3k-5k,"3k-5k
                        经验1-3年 / 大专",德森金融,金融 / 不需要融资 / 150-500人
大数据开发工程师 (MJ000452),南洲,20k-30k,"20k-30k
                        经验3-5年 / 本科",钱大妈,消费生活 / D轮及以上 / 2000人以上
数据研发工程师 (MJ000081),海珠区,15k-30k,"15k-30k
                        经验3-5年 / 本科",广州市迈创智能科技有限公司,"数据服务,人工智能 / A轮 / 50-150人"
数据分析,天河区,6k-10k,"6k-10k
                        经验1年以下 / 本科",桔子跑动,"人工智能,软件开发 / 不需要融资 / 15-50人"
大数据平台架构师,鱼珠,30k-50k,"30k-50k
                        经验5-10年 / 本科",云徙科技,"数据服务,移动互联网 / B轮 / 500-2000人"
Python数据工程师,林和,12k-24k,"12k-24k
                        经验1-3年 / 本科",盗⒎,其他 / 上市公司 / 50-150人
大数据开发工程师,萝岗区,13k-25k,"13k-25k
                        经验3-5年 / 本科",健客网,"电商,医疗丨健康 / B轮 / 500-2000人"
数据产品专员,同和,7k-10k,"7k-10k
                        经验1-3年 / 本科",枫车,"电商,消费生活 / 不需要融资 / 150-500人"
数据产品经理,黄埔区,15k-30k,"15k-30k
                        经验3-5年 / 本科",博依特,"企业服务,数据服务 / A轮 / 50-150人"
大数据开发工程师,天河区,23k-35k,"23k-35k
                        经验3-5年 / 本科",众享（广州）科技有限公司,"移动互联网,社交 / 未融资 / 50-150人"
大数据平台架构师,海珠区,30k-60k,"30k-60k
                        经验5-10年 / 本科",信用生活,"移动互联网,金融 / A轮 / 50-150人"
数据库工程师DBA,天河区,15k-25k,"15k-25k
                        经验3-5年 / 本科",中移互联网,移动互联网 / 不需要融资 / 500-2000人
大数据运维（GZ）,五山,15k-25k,"15k-25k
                        经验3-5年 / 本科",北京瑞友,电商 / 上市公司 / 2000人以上
数据库工程师,五山,20k-37k,"20k-37k
                        经验5-10年 / 本科",温氏信息科技,"消费生活,移动互联网 / 上市公司 / 50-150人"
销售管理专员（数据）,萝岗区,5k-7k,"5k-7k
                        经验1-3年 / 大专",兴森快捷,硬件 / 未融资 / 2000人以上
数据分析实习生,越秀区,2k-3k,"2k-3k
                        经验1年以下 / 本科",快决测,其他 / A轮 / 50-150人
推广与数据分析专员,客村,5k-7k,"5k-7k
                        经验1-3年 / 本科",青木科技,电商 / 未融资 / 500-2000人
数据分析师,新港,15k-25k,"15k-25k
                        经验3-5年 / 大专",百布,移动互联网 / D轮及以上 / 500-2000人
数据分析师,南岗,10k-15k,"10k-15k
                        经验不限 / 本科",蓝月亮,消费生活 / 不需要融资 / 2000人以上
数据产品经理,珠江新城,10k-20k,"10k-20k
                        经验3-5年 / 本科",卓牛科技,移动互联网 / 不需要融资 / 15-50人
数据分析工程师,客村,10k-20k,"10k-20k
                        经验不限 / 本科",骑鹅旅行,"旅游,数据服务 / A轮 / 50-150人"
数据仓库,市桥,8k-15k,"8k-15k
                        经验3-5年 / 本科",上海诺祺科技,金融 / 不需要融资 / 150-500人
C++（数据库内核）,五山,15k-30k,"15k-30k
                        经验3-5年 / 本科",海量数据,数据服务 / 上市公司 / 150-500人
天猫运营（数据方向）,东圃,4k-6k,"4k-6k
                        经验1年以下 / 大专",乐其电商,电商 / 不需要融资 / 500-2000人
人力资源数据分析师,车陂,15k-30k,"15k-30k
                        经验5-10年 / 本科",三七互娱,游戏 / 上市公司 / 2000人以上
数据分析师,新港,15k-25k,"15k-25k
                        经验3-5年 / 本科",如祺出行,汽车丨出行 / 未融资 / 150-500人
数据工程师 (MJ000026),岭南,20k-30k,"20k-30k
                        经验不限 / 本科",星环科技,数据服务 / D轮及以上 / 500-2000人
大数据品牌专员,珠江新城,5k-7k,"5k-7k
                        经验1-3年 / 本科",帷策,数据服务 / 不需要融资 / 50-150人
BI数据分析,五山,10k-15k,"10k-15k
                        经验3-5年 / 本科",CLPS,"数据服务,金融 / 未融资 / 500-2000人"
数据分析师,珠江新城,5k-10k,"5k-10k
                        经验3-5年 / 本科",仁里商务,"电商,其他 / 不需要融资 / 500-2000人"
数据中台负责人,东圃,20k-40k,"20k-40k
                        经验3-5年 / 本科",潭州教育,教育 / A轮 / 2000人以上
亚马逊数据分析师,荔湾区,6k-10k,"6k-10k
                        经验1-3年 / 本科",广州时易中,电商 / 未融资 / 150-500人
资深产品经理（商业化/数据/视频产品）,东圃,20k-30k,"20k-30k
                        经验1-3年 / 本科",智品网络,"移动互联网,电商 / A轮 / 50-150人"
数据库工程师实习生,海珠区,1k-2k,"1k-2k
                        经验应届毕业生 / 本科",广东亿迅,通讯电子 / 不需要融资 / 2000人以上
大数据开发工程师,珠江新城,18k-35k,"18k-35k
                        经验5-10年 / 本科",智灵时代,人工智能 / 不需要融资 / 150-500人
数据仓库工程师（BI/建模/报表/ETL）,黄埔区,15k-25k,"15k-25k
                        经验3-5年 / 本科",云徙科技,"数据服务,移动互联网 / B轮 / 500-2000人"
数据分析师,车陂,8k-10k,"8k-10k
                        经验1-3年 / 本科",博达祥和,其他 / 未融资 / 150-500人
数据开发工程师(J10431),大学城,14k-25k,"14k-25k
                        经验3-5年 / 本科",有米科技,广告营销 / 上市公司 / 150-500人
数据处理专员,天河北,4k-6k,"4k-6k
                        经验1年以下 / 大专",罗拉国际,电商 / 未融资 / 50-150人
数据开发工程师,东风东,13k-18k,"13k-18k
                        经验3-5年 / 本科",顺畅科技,企业服务 / 未融资 / 500-2000人
数据架构师,冼村,20k-25k,"20k-25k
                        经验5-10年 / 大专",德勤,金融 / 不需要融资 / 2000人以上
数据应用开发工程师,嘉禾,15k-22k,"15k-22k
                        经验3-5年 / 不限",美业颜究院,"移动互联网,人工智能 / B轮 / 50-150人"
资深数据平台研发工程师,琶洲,20k-35k,"20k-35k
                        经验3-5年 / 本科",Fordeal,"电商,移动互联网 / C轮 / 2000人以上"
数据分析师,天河区,15k-30k,"15k-30k
                        经验3-5年 / 本科",诗悦网络,游戏 / 不需要融资 / 150-500人
游戏数据分析师,五山,15k-17k,"15k-17k
                        经验3-5年 / 大专",好玩互娱科技,游戏 / 不需要融资 / 150-500人
数据产品经理,跑马场,10k-20k,"10k-20k
                        经验3-5年 / 本科",瓷肌,"移动互联网,电商 / B轮 / 150-500人"
大数据开发工程师,广州大道南,10k-15k,"10k-15k
                        经验1-3年 / 本科",西洋汇,"电商,移动互联网 / 不需要融资 / 50-150人"
高级数据开发工程师,天河区,25k-35k,"25k-35k
                        经验5-10年 / 本科",众享（广州）科技有限公司,"移动互联网,社交 / 未融资 / 50-150人"
数据库管理员,天河城,10k-20k,"10k-20k
                        经验5-10年 / 本科",北京清能互联,移动互联网 / A轮 / 50-150人
大数据架构师,沙河,20k-30k,"20k-30k
                        经验5-10年 / 本科",广发银行信用卡中心,金融 / 不需要融资 / 2000人以上
电商数据分析专员（数据银行方向）,员村,8k-10k,"8k-10k
                        经验1-3年 / 本科",维达纸业（中国）有限公司,其他 / 上市公司 / 2000人以上
数据挖掘工程师,珠江新城,20k-30k,"20k-30k
                        经验5-10年 / 本科",中康资讯,"移动互联网,医疗丨健康 / 不需要融资 / 150-500人"
高级数据运营经理,海珠区,25k-50k,"25k-50k
                        经验3-5年 / 本科",字节跳动,文娱丨内容 / C轮 / 2000人以上
高级大数据开发工程师,天河区,35k-40k,"35k-40k
                        经验5-10年 / 本科",众享（广州）科技有限公司,"移动互联网,社交 / 未融资 / 50-150人"
大数据架构师,建设,25k-40k,"25k-40k
                        经验5-10年 / 硕士",中奥科技,"企业服务,数据服务 / A轮 / 150-500人"
数据挖掘顾问,员村,15k-25k,"15k-25k
                        经验3-5年 / 本科",海捷科技,"移动互联网,数据服务 / 不需要融资 / 50-150人"
数据分析,东圃,6k-8k,"6k-8k
                        经验1-3年 / 本科",优品数据,"数据服务,其他 / 未融资 / 50-150人"
数据挖掘工程师,珠江新城,20k-25k,"20k-25k
                        经验5-10年 / 本科",索信达数据,人工智能 / 上市公司 / 150-500人
海外数据分析专员,天河城,6k-12k,"6k-12k
                        经验不限 / 本科",冰鸟,"移动互联网,游戏 / 上市公司 / 150-500人"
大数据开发,客村,14k-28k,"14k-28k
                        经验3-5年 / 本科",拼多多,"电商,移动互联网 / 上市公司 / 2000人以上"
大数据开发工程师,珠江新城,10k-20k,"10k-20k
                        经验3-5年 / 本科",趣丸,游戏 / 不需要融资 / 500-2000人
数据运营经理,客村,10k-15k,"10k-15k
                        经验5-10年 / 本科",博之林,广告营销 / 不需要融资 / 50-150人
高级数据分析经理（专家岗）,员村,15k-30k,"15k-30k
                        经验3-5年 / 本科",金山办公软件,移动互联网 / 上市公司 / 2000人以上
高级数据分析师,五山,9k-12k,"9k-12k
                        经验1-3年 / 硕士",IESR,"教育,数据服务 / 不需要融资 / 50-150人"
广告数据运营,天河区,6k-12k,"6k-12k
                        经验1年以下 / 本科",栗子科技Chestnut,"移动互联网,广告营销 / 不需要融资 / 50-150人"
大数据架构师,越秀区,18k-30k,"18k-30k
                        经验不限 / 本科",纳斯威尔信息,"信息安全,数据服务 / 不需要融资 / 150-500人"
数据运营专员,体育中心,4k-6k,"4k-6k
                        经验1-3年 / 大专",汇聚支付,"金融,移动互联网 / 不需要融资 / 150-500人"
大数据开发工程师,水荫,8k-16k,"8k-16k
                        经验不限 / 本科",纳斯威尔信息,"信息安全,数据服务 / 不需要融资 / 150-500人"
大数据开发工程师,天河区,15k-25k,"15k-25k
                        经验1-3年 / 不限",网易,电商 / 上市公司 / 2000人以上
大数据运维工程师,海珠区,18k-23k,"18k-23k
                        经验5-10年 / 本科",信创电子,"电商,企业服务 / 不需要融资 / 50-150人"
数据分析师,滨江,4k-6k,"4k-6k
                        经验不限 / 本科",新南方集团,"电商,医疗丨健康 / 不需要融资 / 500-2000人"
数据通信工程师,五山,5k-10k,"5k-10k
                        经验1-3年 / 大专",光语通信设备,通讯电子 / 不需要融资 / 50-150人
数据分析专家,天河区,20k-40k,"20k-40k
                        经验5-10年 / 本科",广发银行信用卡中心,金融 / 不需要融资 / 2000人以上
高级数据运营,萝岗区,15k-23k,"15k-23k
                        经验5-10年 / 本科",乐源数字,"移动互联网,电商 / 未融资 / 500-2000人"
产品经理（数据治理方向）,越秀区,8k-12k,"8k-12k
                        经验1-3年 / 大专",光点科技,"移动互联网,数据服务 / 未融资 / 50-150人"
数据运营专员,白鹅潭,3k-6k,"3k-6k
                        经验不限 / 不限",安尔捷网络科技,"移动互联网,企业服务 / 未融资 / 50-150人"
业务经理（数据运营/项目管理）,新港,18k-25k,"18k-25k
                        经验3-5年 / 本科",明略科技集团,"数据服务,广告营销 / D轮及以上 / 2000人以上"
运维开发工程师（数据库）,天河区,15k-25k,"15k-25k
                        经验3-5年 / 不限",网易,电商 / 上市公司 / 2000人以上
高级数据分析师,天河区,13k-20k,"13k-20k
                        经验3-5年 / 本科",租租车,"旅游,消费生活 / C轮 / 500-2000人"
ETL/BI/数据仓库,五山,10k-17k,"10k-17k
                        经验3-5年 / 本科",CLPS,"数据服务,金融 / 未融资 / 500-2000人"
大数据开发工程师,黄阁,14k-25k,"14k-25k
                        经验5-10年 / 不限",亦策软件,数据服务 / 未融资 / 500-2000人
ETL数据工程师,天河公园,15k-20k,"15k-20k
                        经验3-5年 / 大专",博纳德,移动互联网 / 天使轮 / 150-500人
数据开发工程师,东圃,14k-18k,"14k-18k
                        经验5-10年 / 本科",汉得信息,"企业服务,数据服务 / 上市公司 / 2000人以上"
中级数据开发工程师,海珠区,15k-20k,"15k-20k
                        经验3-5年 / 本科",信用生活,"移动互联网,金融 / A轮 / 50-150人"
高级/资深数据分析师(024520),荔湾区,17k-22k,"17k-22k
                        经验5-10年 / 本科",唯品会,电商 / 上市公司 / 2000人以上
大数据开发工程师,东风东,15k-20k,"15k-20k
                        经验5-10年 / 本科",上海井胜,数据服务 / 未融资 / 500-2000人
资深DBA/数据库架构师,同德,17k-27k,"17k-27k
                        经验5-10年 / 本科",广州棒谷科技股份有限公司,电商 / 不需要融资 / 2000人以上
HR（招聘数据分析酷狗）,棠下,7k-8k,"7k-8k
                        经验1-3年 / 本科",国利企业,"消费生活,其他 / 上市公司 / 2000人以上"
数据开发,天河区,10k-15k,"10k-15k
                        经验5-10年 / 大专",理行信息,"移动互联网,消费生活 / 未融资 / 15-50人"
大数据开发工程师,芳村,20k-25k,"20k-25k
                        经验3-5年 / 不限",高奈特,"信息安全,数据服务 / 上市公司 / 150-500人"
大数据运维工程师,五山,11k-16k,"11k-16k
                        经验3-5年 / 大专",广东广信通信服务有限公司,"企业服务,信息安全 / 上市公司 / 500-2000人"
数据研发工程师,棠景,13k-15k,"13k-15k
                        经验1-3年 / 本科",欧派,"消费生活,硬件 / 上市公司 / 2000人以上"
高级数据开发工程师,海珠区,15k-30k,"15k-30k
                        经验3-5年 / 本科",信用生活,"移动互联网,金融 / A轮 / 50-150人"
大数据开发工程师,林和,12k-18k,"12k-18k
                        经验1-3年 / 本科",易幻网络,游戏 / 上市公司 / 150-500人
数据运营,番禺区,1k-2k,"1k-2k
                        经验不限 / 大专",广州晶东贸易有限公司,电商 物流丨运输 / 上市公司 / 2000人以上
Java开发工程师（数据处理方向）,天河区,7k-10k,"7k-10k
                        经验1-3年 / 本科",美盈智能,软件开发 / 未融资 / 15-50人
数据分析师,珠江新城,10k-20k,"10k-20k
                        经验3-5年 / 本科",卓牛科技,移动互联网 / 不需要融资 / 15-50人
Java/数据平台开发工程师-广州,越秀区,10k-16k,"10k-16k
                        经验3-5年 / 本科",卓轩科技,"移动互联网,电商 / A轮 / 50-150人"
数据分析专员,天河区,7k-10k,"7k-10k
                        经验1-3年 / 大专",小鹏汽车,汽车丨出行 / B轮 / 2000人以上
数据处理专家,天河区,15k-25k,"15k-25k
                        经验5-10年 / 本科",广发银行信用卡中心,金融 / 不需要融资 / 2000人以上
大数据分析师,五羊新城,10k-20k,"10k-20k
                        经验3-5年 / 本科",南方＋,"移动互联网,其他 / 不需要融资 / 50-150人"
数据库开发,东湖,6k-8k,"6k-8k
                        经验1-3年 / 大专",福建八萃,"移动互联网,企业服务 / 未融资 / 150-500人"
数据算法师 (MJ000304),广州大道南,25k-40k,"25k-40k
                        经验3-5年 / 本科",钱大妈,消费生活 / D轮及以上 / 2000人以上
数据库工程师DBA,天河区,15k-25k,"15k-25k
                        经验3-5年 / 本科",中移互联网,移动互联网 / 不需要融资 / 500-2000人
数据产品经理,石牌,15k-25k,"15k-25k
                        经验3-5年 / 不限",蜘点商业,"移动互联网,电商 / 不需要融资 / 150-500人"
高级大数据运维工程师,同德,13k-17k,"13k-17k
                        经验3-5年 / 不限",广州棒谷科技股份有限公司,电商 / 不需要融资 / 2000人以上
数据工程师,珠江新城,15k-30k,"15k-30k
                        经验3-5年 / 本科",深圳钛铂数据有限公司,软件开发 / 天使轮 / 15-50人
数据库研发工程师,越秀区,15k-30k,"15k-30k
                        经验1-3年 / 本科",建信金科,"金融,软件开发 / 不需要融资 / 2000人以上"
高级数据分析,海珠区,15k-25k,"15k-25k
                        经验5-10年 / 本科",百布,移动互联网 / D轮及以上 / 500-2000人
电商数据分析主任,岭南,8k-9k,"8k-9k
                        经验3-5年 / 本科",谢瑞麟珠宝,电商 / 上市公司 / 2000人以上
数据分析经理,越秀区,10k-15k,"10k-15k
                        经验3-5年 / 本科",快决测,其他 / A轮 / 50-150人
客户经理/客户主管（大数据项目）华南,珠江新城,12k-24k,"12k-24k
                        经验不限 / 本科",驰骛科技ChiefClouds,"数据服务,移动互联网 / A轮 / 50-150人"
销售经理（大数据SAAS产品）(J10319),大学城,10k-15k,"10k-15k
                        经验1-3年 / 大专",有米科技,广告营销 / 上市公司 / 150-500人
大数据首席架构师/专家,官洲,45k-87k,"45k-87k
                        经验5-10年 / 本科",联通（广东）产业互联网...,"移动互联网,医疗丨健康 / 不需要融资 / 500-2000人"
数据库工程师/DBA,五山,15k-25k,"15k-25k
                        经验3-5年 / 本科",瑞云网络,"移动互联网,电商 / 不需要融资 / 50-150人"
大数据系统架构师,大石,30k-40k,"30k-40k
                        经验5-10年 / 本科",奥园奥买家,电子商务 / 不需要融资 / 150-500人
数据分析师,天河区,8k-15k,"8k-15k
                        经验1-3年 / 本科",柯内特,数据服务 / 不需要融资 / 50-150人
数据运营顾问-中级-广州,广州东站,6k-9k,"6k-9k
                        经验3-5年 / 本科",觅游信息,"移动互联网,企业服务 / 未融资 / 50-150人"
数据分析实习生岗位,天河区,2k-3k,"2k-3k
                        经验应届毕业生 / 不限",BW,"企业服务,数据服务 / 未融资 / 15-50人"
数据挖掘工程师,岭南,15k-30k,"15k-30k
                        经验3-5年 / 不限",快乐种子,"教育,游戏 / B轮 / 2000人以上"
大数据平台架构师-Hadoop平台方向,新港,15k-30k,"15k-30k
                        经验5-10年 / 本科",大圣科技,"软件开发,数据服务 / 不需要融资 / 150-500人"
大数据开发工程师,海珠区,12k-20k,"12k-20k
                        经验不限 / 本科",万视科技,软件开发 / 不需要融资 / 15-50人
售前解决方案（大数据方向）,海珠区,8k-14k,"8k-14k
                        经验1-3年 / 本科",广东亿迅,通讯电子 / 不需要融资 / 2000人以上
数据分析,清河东路,6k-8k,"6k-8k
                        经验1-3年 / 本科",盈富斯,电商 / C轮 / 150-500人
数据分析师,南洲,8k-12k,"8k-12k
                        经验1-3年 / 本科",巴图鲁公司,汽车丨出行 / C轮 / 500-2000人
高级数据分析师,萝岗区,10k-15k,"10k-15k
                        经验1-3年 / 本科",健客网,"电商,医疗丨健康 / B轮 / 500-2000人"
产品经理（偏数据）,东圃,7k-12k,"7k-12k
                        经验1-3年 / 本科",粤达互娱,"社交,软件开发 / 不需要融资 / 50-150人"
WXG01-微信视频号数据挖掘高级算法工程师,海珠区,25k-50k,"25k-50k
                        经验3-5年 / 硕士",腾讯,社交 / 上市公司 / 2000人以上
数据分析师,东圃,6k-8k,"6k-8k
                        经验1-3年 / 大专",利鑫恒实业,数据服务 / 未融资 / 50-150人
数据运营高级专员,番禺区,13k-15k,"13k-15k
                        经验3-5年 / 本科",万表,"移动互联网,电商 / B轮 / 150-500人"
java开发工程师数据,黄埔区,10k-18k,"10k-18k
                        经验3-5年 / 本科",云南云电广州分公司,其他 / 不需要融资 / 500-2000人
数据产品经理,琶洲,15k-20k,"15k-20k
                        经验3-5年 / 本科",省广集团,广告营销 / 上市公司 / 2000人以上
数据分析师（数据产品经理）,五山,12k-18k,"12k-18k
                        经验3-5年 / 本科",壹心理,移动互联网 / B轮 / 150-500人
用友ERP数据分析师（可兼职）,天河区,15k-20k,"15k-20k
                        经验3-5年 / 大专",广州思迈特,"企业服务,数据服务 / B轮 / 150-500人"
智慧城市与大数据研究员,越秀区,10k-12k,"10k-12k
                        经验不限 / 硕士",中国信通院,通讯电子 / 不需要融资 / 2000人以上
数据分析师,东风东,15k-20k,"15k-20k
                        经验3-5年 / 本科",吾蜜,电商 / 天使轮 / 少于15人
office数据统计员,天河区,3k-6k,"3k-6k
                        经验应届毕业生 / 大专",珠海汇流,企业服务 / 不需要融资 / 150-500人
大数据开发工程师,珠江新城,10k-20k,"10k-20k
                        经验3-5年 / 本科",天鹏科技,"电商,数据服务 / A轮 / 150-500人"
数据产品经理,天河区,18k-25k,"18k-25k
                        经验3-5年 / 本科",灵机文化,"移动互联网,电商 / 不需要融资 / 150-500人"
高级大数据开发工程师,天河区,23k-35k,"23k-35k
                        经验5-10年 / 不限",众享（广州）科技有限公司,"移动互联网,社交 / 未融资 / 50-150人"
数据挖掘工程师（实习/全职）,林和,4k-8k,"4k-8k
                        经验不限 / 本科",高越广告,广告营销 / 不需要融资 / 15-50人
数据建模分析师,越秀区,15k-25k,"15k-25k
                        经验3-5年 / 本科",信安数据,"信息安全,数据服务 / A轮 / 15-50人"
数据运营,越秀区,8k-15k,"8k-15k
                        经验1-3年 / 本科",大圣live,"移动互联网,游戏 / 不需要融资 / 50-150人"
数据挖掘工程师―游戏,天河区,30k-60k,"30k-60k
                        经验3-5年 / 硕士",字节跳动,文娱丨内容 / C轮 / 2000人以上
数据分析师,岭南,18k-35k,"18k-35k
                        经验3-5年 / 本科",广州市果肉教育科技有限公司,"移动互联网,教育 / 不需要融资 / 500-2000人"
数据开发工程师,萝岗区,12k-24k,"12k-24k
                        经验3-5年 / 本科",多益网络,"移动互联网,游戏 / 不需要融资 / 500-2000人"
高级数据分析师(J10066),珠江新城,15k-25k,"15k-25k
                        经验5-10年 / 本科",中康资讯,"移动互联网,医疗丨健康 / 不需要融资 / 150-500人"
客服数据文员,石,3k-4k,"3k-4k
                        经验应届毕业生 / 不限",半塘网络,教育 / 未融资 / 少于15人
大数据开发工程师,天河区,10k-15k,"10k-15k
                        经验1-3年 / 大专",淘通科技,电商 / C轮 / 150-500人
大数据开发工程师,黄埔区,12k-17k,"12k-17k
                        经验3-5年 / 本科",腾宇电力,物联网、软件开发 / 不需要融资 / 150-500人
数据专员,天河公园,3k-4k,"3k-4k
                        经验不限 / 不限",君创科技,广告营销 / 未融资 / 15-50人
数据分析总监,黄埔区,40k-45k,"40k-45k
                        经验5-10年 / 硕士",神州数码,"硬件,数据服务 / 上市公司 / 2000人以上"
数据分析,天河区,4k-6k,"4k-6k
                        经验应届毕业生 / 本科",桔子跑动,"人工智能,软件开发 / 不需要融资 / 15-50人"
大数据开发工程师,海珠区,18k-25k,"18k-25k
                        经验3-5年 / 本科",滴普科技,"企业服务,数据服务 / A轮 / 500-2000人"
数据平台工程师,西关,12k-20k,"12k-20k
                        经验3-5年 / 本科",名创优品miniso,移动互联网 / B轮 / 2000人以上
数据标注专员,珠江新城,5k-8k,"5k-8k
                        经验不限 / 大专",诚迈信息,软件开发 / 上市公司 / 150-500人
数据治理经理,珠江新城,25k-35k,"25k-35k
                        经验5-10年 / 不限",信创电子,"电商,企业服务 / 不需要融资 / 50-150人"
主任数据架构师(J11368),棠景,20k-25k,"20k-25k
                        经验5-10年 / 本科",欧派,"消费生活,硬件 / 上市公司 / 2000人以上"
数据集成平台实施工程师,官洲,13k-25k,"13k-25k
                        经验3-5年 / 本科",联通（广东）产业互联网...,"移动互联网,医疗丨健康 / 不需要融资 / 500-2000人"
数据分析师(J10102),珠江新城,7k-10k,"7k-10k
                        经验1-3年 / 本科",中康资讯,"移动互联网,医疗丨健康 / 不需要融资 / 150-500人"
Java大数据开发工程师,番禺区,8k-15k,"8k-15k
                        经验1-3年 / 本科",头文科技,"移动互联网,企业服务 / 不需要融资 / 50-150人"
数据分析,天河区,6k-10k,"6k-10k
                        经验应届毕业生 / 本科",三七互娱,游戏 / 上市公司 / 2000人以上
数据库工程师,番禺区,15k-30k,"15k-30k
                        经验1-3年 / 本科",探迹科技,"数据服务,企业服务 / A轮 / 150-500人"
大数据平台工程师,海珠区,15k-30k,"15k-30k
                        经验3-5年 / 本科",信用生活,"移动互联网,金融 / A轮 / 50-150人"
大数据开发工程师,越秀区,7k-12k,"7k-12k
                        经验1-3年 / 本科",光点科技,"移动互联网,数据服务 / 未融资 / 50-150人"
资深大数据开发工程师,琶洲,20k-35k,"20k-35k
                        经验3-5年 / 本科",Fordeal,"电商,移动互联网 / C轮 / 2000人以上"
数据分析专员,天河区,6k-10k,"6k-10k
                        经验1-3年 / 本科",仅一科技,移动互联网 数据服务 / 未融资 / 50-150人
数据分析师,天河区,10k-15k,"10k-15k
                        经验1-3年 / 本科",广州思迈特,"企业服务,数据服务 / B轮 / 150-500人"
数据挖掘工程师,冼村,8k-16k,"8k-16k
                        经验不限 / 本科",广东联通通信建设有限公司,其他 / 上市公司 / 150-500人
数据分析师,海珠区,15k-30k,"15k-30k
                        经验3-5年 / 本科",信用生活,"移动互联网,金融 / A轮 / 50-150人"
电话销售专员（精准数据）,江南大道,7k-14k,"7k-14k
                        经验不限 / 大专",广州回归书院,教育 / 未融资 / 15-50人
SPBU-数据仓库工程师,棠下,15k-20k,"15k-20k
                        经验3-5年 / 本科",酷狗音乐,文娱丨内容 / 上市公司 / 500-2000人
数据运营,海珠区,6k-10k,"6k-10k
                        经验不限 / 本科",西洋汇,"电商,移动互联网 / 不需要融资 / 50-150人"
大数据后台开发工程师,越秀区,15k-25k,"15k-25k
                        经验不限 / 不限",屈臣氏中国,消费生活 / 不需要融资 / 2000人以上
数据分析师,东风,5k-8k,"5k-8k
                        经验不限 / 本科",广州新东方学校,教育 / 上市公司 / 500-2000人
数据策略工程师 (MJ001811),番禺区,20k-40k,"20k-40k
                        经验3-5年 / 本科",欢聚集团（JOYY Inc.）,文娱丨内容 / 上市公司 / 2000人以上
业务数据分析/运营,新港,8k-11k,"8k-11k
                        经验1-3年 / 本科",明略科技集团,"数据服务,广告营销 / D轮及以上 / 2000人以上"
数据分析师,海珠区,10k-20k,"10k-20k
                        经验不限 / 本科",盈米财富,"移动互联网,金融 / B轮 / 50-150人"
数据分析师,天河区,7k-13k,"7k-13k
                        经验不限 / 本科",BW,"企业服务,数据服务 / 未融资 / 15-50人"
数据分析师-HAGO (MJ002918),番禺区,15k-30k,"15k-30k
                        经验3-5年 / 本科",欢聚集团（JOYY Inc.）,文娱丨内容 / 上市公司 / 2000人以上
数据处理工程师,石楼,8k-15k,"8k-15k
                        经验3-5年 / 本科",广东海启星海洋科技有限公司,"数据服务,企业服务 / 不需要融资 / 50-150人"
大数据/AI高级经理,南沙区,30k-40k,"30k-40k
                        经验5-10年 / 硕士",广汽蔚来,汽车丨出行 / A轮 / 150-500人
BI数据分析师,番禺区,12k-18k,"12k-18k
                        经验1-3年 / 本科",海际,电商 / B轮 / 150-500人
数据分析师,越秀区,5k-10k,"5k-10k
                        经验不限 / 本科",广东智源,"移动互联网,企业服务 / 不需要融资 / 50-150人"
数据分析经理,跑马场,25k-35k,"25k-35k
                        经验5-10年 / 本科",PLAY800,"移动互联网,游戏 / 天使轮 / 150-500人"
实习生-初级数据分析建模方向,天河区,2k-3k,"2k-3k
                        经验3-5年 / 硕士",DATALINK,"数据服务,移动互联网 / 不需要融资 / 15-50人"
数据分析工程师,元岗,6k-8k,"6k-8k
                        经验1-3年 / 大专",广州丰石科技,"移动互联网,数据服务 / A轮 / 150-500人"
大数据开发工程师,五山,17k-25k,"17k-25k
                        经验5-10年 / 大专",蜘点商业,"移动互联网,电商 / 不需要融资 / 150-500人"
数据库工程师,番禺区,15k-30k,"15k-30k
                        经验1-3年 / 本科",探迹科技,"数据服务,企业服务 / A轮 / 150-500人"
大数据库开发支持工程师,天河区,20k-26k,"20k-26k
                        经验3-5年 / 本科",广州思迈特,"企业服务,数据服务 / B轮 / 150-500人"
数据仓库,天河区,18k-25k,"18k-25k
                        经验5-10年 / 不限",众享（广州）科技有限公司,"移动互联网,社交 / 未融资 / 50-150人"
大数据架构师,嘉禾,10k-20k,"10k-20k
                        经验5-10年 / 本科",美业颜究院,"移动互联网,人工智能 / B轮 / 50-150人"
数据产品经理,海珠区,15k-25k,"15k-25k
                        经验3-5年 / 本科",作文纸条,"移动互联网,教育 / A轮 / 50-150人"
（ETL）数据开发,五山,10k-14k,"10k-14k
                        经验1-3年 / 本科",信雅达,移动互联网 / 上市公司 / 2000人以上
大数据开发工程师,黄埔区,15k-30k,"15k-30k
                        经验3-5年 / 本科",博依特,"企业服务,数据服务 / A轮 / 50-150人"
数据集成策划经理,珠江新城,6k-12k,"6k-12k
                        经验3-5年 / 本科",南方报业,其他 / 不需要融资 / 2000人以上
数据标注助理,天河区,4k-6k,"4k-6k
                        经验1年以下 / 大专",图普科技（深度学习图像识别云）,"移动互联网,数据服务 / A轮 / 50-150人"
HR管培生-数据分析,同德,5k-9k,"5k-9k
                        经验应届毕业生 / 本科",广州棒谷科技股份有限公司,电商 / 不需要融资 / 2000人以上
数据仓库工程师（创新中心）,珠江新城,12k-20k,"12k-20k
                        经验3-5年 / 本科",电声营销,广告营销 / 上市公司 / 2000人以上
数据分析师,南洲,12k-18k,"12k-18k
                        经验3-5年 / 本科",蜗牛保险,"移动互联网,金融 / B轮 / 500-2000人"
高级数据安全治理工程师,海珠区,15k-25k,"15k-25k
                        经验3-5年 / 本科",数字广东（腾讯投资公司）,移动互联网 / 不需要融资 / 500-2000人
数据开发工程师,新港,15k-25k,"15k-25k
                        经验3-5年 / 本科",高灯科技,"移动互联网,电商 / B轮 / 500-2000人"
急聘！中高级ETL（数据库）开发工程师,江南大道,12k-22k,"12k-22k
                        经验3-5年 / 本科",中信网科,金融 / 不需要融资 / 500-2000人
大数据开发工程师,海珠区,12k-20k,"12k-20k
                        经验3-5年 / 大专",联邦车网,"移动互联网,消费生活 / 不需要融资 / 150-500人"
数据分析师,东圃,6k-10k,"6k-10k
                        经验3-5年 / 本科",海货信息,电商 / 不需要融资 / 500-2000人
数据仓库,天河区,18k-25k,"18k-25k
                        经验5-10年 / 不限",众享（广州）科技有限公司,"移动互联网,社交 / 未融资 / 50-150人"
售前解决方案（大数据方向）,海珠区,8k-14k,"8k-14k
                        经验1-3年 / 本科",广东亿迅,通讯电子 / 不需要融资 / 2000人以上
数据产品经理,天河北,15k-25k,"15k-25k
                        经验3-5年 / 本科",晓教育,教育 / 不需要融资 / 2000人以上
大数据开发工程师,黄埔区,18k-28k,"18k-28k
                        经验应届毕业生 / 本科",博智税通,企业服务 / 天使轮 / 15-50人
高级数据分析师,黄岐,20k-28k,"20k-28k
                        经验3-5年 / 本科",一手,"移动互联网,电商 / B轮 / 500-2000人"
BI数据专员,棠下,4k-7k,"4k-7k
                        经验不限 / 大专",潭州教育,"移动互联网,教育 / 不需要融资 / 150-500人"
数据挖掘工程师,新港,15k-25k,"15k-25k
                        经验1-3年 / 本科",群接龙,"电商,社交 / A轮 / 50-150人"
大数据开发工程师,天河区,15k-25k,"15k-25k
                        经验3-5年 / 本科",彩讯股份,"移动互联网,消费生活 / 上市公司 / 500-2000人"
数据中心资源规划师,天河区,10k-20k,"10k-20k
                        经验1-3年 / 本科",网易,电商 / 上市公司 / 2000人以上
DBA数据管理员,天河区,5k-8k,"5k-8k
                        经验应届毕业生 / 本科",亚美,移动互联网 / 不需要融资 / 500-2000人
价格管理专员（数据分析）,天河北,7k-10k,"7k-10k
                        经验1-3年 / 本科",自如网,房产家居 / A轮 / 2000人以上
数据分析师,天河区,8k-12k,"8k-12k
                        经验1-3年 / 本科",广州南天,数据服务 / 上市公司 / 500-2000人
BI数据,番禺区,12k-18k,"12k-18k
                        经验1-3年 / 本科",海际,电商 / B轮 / 150-500人
大数据运维工程师,萝岗区,10k-15k,"10k-15k
                        经验3-5年 / 本科",万孚生物,医疗丨健康 / 上市公司 / 500-2000人
高级数据产品经理（标签中台方向）,五山,20k-35k,"20k-35k
                        经验3-5年 / 本科",网易,电商 / 上市公司 / 2000人以上
高级数据分析师,棠下,15k-20k,"15k-20k
                        经验3-5年 / 本科",中顺网络,"游戏,移动互联网 / 未融资 / 150-500人"
数据运营分析师,天河区,7k-10k,"7k-10k
                        经验1-3年 / 本科",灵机文化,"移动互联网,电商 / 不需要融资 / 150-500人"
数据分析专家（业务方向）,天河区,20k-40k,"20k-40k
                        经验5-10年 / 本科",广发银行信用卡中心,金融 / 不需要融资 / 2000人以上
大数据开发工程师,天河区,20k-25k,"20k-25k
                        经验1-3年 / 本科",建顺信息,"消费生活,物流丨运输 / A轮 / 50-150人"
大数据开发工程师,天河区,25k-40k,"25k-40k
                        经验5-10年 / 本科",博维,软件开发 / A轮 / 15-50人
数据标注专员,海珠区,3k-6k,"3k-6k
                        经验不限 / 不限",故新,人工智能 / 天使轮 / 少于15人
数据库工程师,五山,20k-37k,"20k-37k
                        经验5-10年 / 本科",温氏信息科技,"消费生活,移动互联网 / 上市公司 / 50-150人"
大数据架构师,水荫,20k-35k,"20k-35k
                        经验5-10年 / 本科",聚焦网络集团,"移动互联网,电商 / 未融资 / 150-500人"
数据分析员,天河区,7k-13k,"7k-13k
                        经验1-3年 / 大专",小鹏汽车,汽车丨出行 / B轮 / 2000人以上
数据业务架构师,珠江新城,15k-30k,"15k-30k
                        经验5-10年 / 本科",富力地产,"移动互联网,电商 / 上市公司 / 2000人以上"
数据科学家,番禺区,30k-60k,"30k-60k
                        经验5-10年 / 硕士",虎牙科技,"社交,游戏 / 上市公司 / 500-2000人"
数据运营经理,东圃,10k-15k,"10k-15k
                        经验3-5年 / 本科",灵机文化,"移动互联网,电商 / 不需要融资 / 150-500人"
大数据开发工程师,番禺区,18k-35k,"18k-35k
                        经验1-3年 / 不限",虎牙科技,"社交,游戏 / 上市公司 / 500-2000人"
数据分析,解放南,6k-10k,"6k-10k
                        经验1-3年 / 本科",大麦电商,"电商,企业服务 / 天使轮 / 150-500人"
技术经理（数据平台）,天河区,35k-45k,"35k-45k
                        经验5-10年 / 本科",三七互娱,游戏 / 上市公司 / 2000人以上
大数据技术工程师（高级）(J11551),新港,12k-22k,"12k-22k
                        经验5-10年 / 本科",明略科技集团,"数据服务,广告营销 / D轮及以上 / 2000人以上"
Oracle（数据库管理员）,五山,15k-20k,"15k-20k
                        经验3-5年 / 大专",友圈网络,"社交,区块链 / 不需要融资 / 15-50人"
大数据开发工程师,天河北,10k-15k,"10k-15k
                        经验3-5年 / 本科",联创智融,移动互联网 / 上市公司 / 500-2000人
数据开发工程师,黄埔区,15k-20k,"15k-20k
                        经验3-5年 / 本科",宏途教育,移动互联网 / B轮 / 150-500人
数据分析师,海珠区,15k-30k,"15k-30k
                        经验3-5年 / 本科",信用生活,"移动互联网,金融 / A轮 / 50-150人"
数据运营专员,林和,5k-8k,"5k-8k
                        经验不限 / 本科",广州小迈,移动互联网 / B轮 / 150-500人
2020届校招：数据分析,珠江新城,5k-8k,"5k-8k
                        经验应届毕业生 / 大专",星辉游戏,游戏 / 上市公司 / 500-2000人
数据库开发,番禺区,6k-11k,"6k-11k
                        经验1-3年 / 大专",万德软件,移动互联网 / 上市公司 / 500-2000人
游戏数据分析师,黄埔区,13k-26k,"13k-26k
                        经验3-5年 / 本科",广州游爱,"移动互联网,游戏 / 上市公司 / 500-2000人"
数据产品经理（MJ000010）,海珠区,15k-30k,"15k-30k
                        经验3-5年 / 不限",广州市迈创智能科技有限公司,"数据服务,人工智能 / A轮 / 50-150人"
数据产品经理,棠下,15k-25k,"15k-25k
                        经验3-5年 / 本科",千聊,移动互联网 / B轮 / 500-2000人
数据分析师,越秀区,10k-20k,"10k-20k
                        经验3-5年 / 本科",筷子科技,"数据服务,广告营销 / B轮 / 50-150人"
大数据工程师,新港,12k-20k,"12k-20k
                        经验1-3年 / 本科",有车以后,移动互联网 / C轮 / 150-500人
产品经理-JT-数据方向,五山,15k-25k,"15k-25k
                        经验3-5年 / 本科",晓教育,教育 / 不需要融资 / 2000人以上
大数据开发工程师-GZ,天河区,12k-20k,"12k-20k
                        经验3-5年 / 本科",北明软件,"移动互联网,数据服务 / 上市公司 / 2000人以上"
数据分析师,五山,15k-25k,"15k-25k
                        经验3-5年 / 本科",浩瀚深度,"硬件,数据服务 / 上市公司 / 150-500人"
大数据运维实施工程师,五山,11k-16k,"11k-16k
                        经验1-3年 / 大专",广东广信通信服务有限公司,"企业服务,信息安全 / 上市公司 / 500-2000人"
数据运营,五山,6k-8k,"6k-8k
                        经验1-3年 / 本科",安居客,"移动互联网,企业服务 / 不需要融资 / 2000人以上"
管理培训生（数据分析类）,天河区,6k-8k,"6k-8k
                        经验应届毕业生 / 本科",维达纸业（中国）有限公司,其他 / 上市公司 / 2000人以上
数据分析-2020校招,天河区,7k-9k,"7k-9k
                        经验应届毕业生 / 不限",诗悦网络,游戏 / 不需要融资 / 150-500人
大数据产品经理（高级）,元岗,10k-20k,"10k-20k
                        经验3-5年 / 本科",广州丰石科技,"移动互联网,数据服务 / A轮 / 150-500人"
数据分析工程师,市桥,12k-15k,"12k-15k
                        经验3-5年 / 本科",美的电商,电商 / 上市公司 / 2000人以上
高级大数据算法工程师,广州东站,13k-20k,"13k-20k
                        经验1-3年 / 本科",全球购骑士特权,电商 / A轮 / 500-2000人
初级数据挖掘分析模型设计,天河区,8k-15k,"8k-15k
                        经验不限 / 硕士",长亮科技,企业服务 / 上市公司 / 2000人以上
数据安全工程师,珠江新城,18k-30k,"18k-30k
                        经验5-10年 / 本科",伟通,数据服务 信息安全 / 未融资 / 15-50人
数据产品经理,林和,10k-20k,"10k-20k
                        经验1-3年 / 本科",广州小迈,移动互联网 / B轮 / 150-500人
数据产品经理,岭南,15k-30k,"15k-30k
                        经验3-5年 / 本科",广州市果肉教育科技有限公司,"移动互联网,教育 / 不需要融资 / 500-2000人"
PTBU-数据分析师,东圃,15k-25k,"15k-25k
                        经验不限 / 本科",酷狗音乐,文娱丨内容 / 上市公司 / 500-2000人
管理培训生（数据分析）,天河区,10k-15k,"10k-15k
                        经验应届毕业生 / 本科",广发银行信用卡中心,金融 / 不需要融资 / 2000人以上
数据平台产品经理,猎德,15k-20k,"15k-20k
                        经验3-5年 / 本科",DataStory,数据服务 / B轮 / 150-500人
安全研发/数据安全管理工程师,天河城,25k-50k,"25k-50k
                        经验3-5年 / 本科",建信金科,"金融,软件开发 / 不需要融资 / 2000人以上"
高级产品经理（视频/直播/商业化/数据增长）,天河区,20k-28k,"20k-28k
                        经验3-5年 / 本科",智品网络,"移动互联网,电商 / A轮 / 50-150人"
大数据产品经理,番禺区,10k-20k,"10k-20k
                        经验1-3年 / 硕士",融山科技,金融 / 不需要融资 / 150-500人
数据产品经理/总监,天河公园,18k-35k,"18k-35k
                        经验5-10年 / 大专",博纳德,移动互联网 / 天使轮 / 150-500人
数据分析师,东风东,8k-16k,"8k-16k
                        经验3-5年 / 不限",佰聆数据,"数据服务,软件开发 / 不需要融资 / 150-500人"
数据架构师（数据中台-广州）,珠江新城,25k-45k,"25k-45k
                        经验5-10年 / 本科",滴普科技,"企业服务,数据服务 / A轮 / 500-2000人"
数据分析师,东圃,12k-20k,"12k-20k
                        经验1-3年 / 本科",乐其电商,电商 / 不需要融资 / 500-2000人
数据建模专家（广州）,珠江新城,20k-40k,"20k-40k
                        经验5-10年 / 本科",滴普科技,"企业服务,数据服务 / A轮 / 500-2000人"
管理培训生（数据分析）,天河区,10k-15k,"10k-15k
                        经验应届毕业生 / 本科",广发银行信用卡中心,金融 / 不需要融资 / 2000人以上
数据分析师（2020届）(025094),荔湾区,10k-12k,"10k-12k
                        经验不限 / 本科",唯品会,电商 / 上市公司 / 2000人以上
PowerBI数据分析师,天河区,10k-20k,"10k-20k
                        经验应届毕业生 / 本科",友邦科技,"移动互联网,数据服务 / 上市公司 / 500-2000人"
数据处理专员,大东,4k-5k,"4k-5k
                        经验1-3年 / 大专",南油外服,企业服务 / 不需要融资 / 150-500人
DBA工程师/MySQL数据库,岭南,15k-30k,"15k-30k
                        经验3-5年 / 大专",快乐种子,"教育,游戏 / B轮 / 2000人以上"
数据分析高级顾问 - GZ/SZ,珠江新城,15k-20k,"15k-20k
                        经验3-5年 / 本科",PWC,金融 / 不需要融资 / 2000人以上
大数据技术顾问,五山,18k-25k,"18k-25k
                        经验5-10年 / 本科",达天科技,企业服务 / 天使轮 / 150-500人
数据分析师,海珠区,10k-15k,"10k-15k
                        经验3-5年 / 本科",蜜源新媒体,"移动互联网,电商 / 不需要融资 / 150-500人"
数据管理工程师（数据治理）,新港,12k-24k,"12k-24k
                        经验3-5年 / 本科",大圣科技,"软件开发,数据服务 / 不需要融资 / 150-500人"
大数据算法工程师,天河区,20k-30k,"20k-30k
                        经验3-5年 / 本科",讯汇科技,"移动互联网,社交 / 不需要融资 / 150-500人"
数据库架构师,珠江新城,20k-38k,"20k-38k
                        经验5-10年 / 本科",中佳,电商 / 未融资 / 少于15人
数据运营专员,梅花村,5k-10k,"5k-10k
                        经验1-3年 / 大专",8684,"移动互联网,消费生活 / 不需要融资 / 15-50人"
技术经理（数据平台）,天河区,35k-45k,"35k-45k
                        经验5-10年 / 本科",三七互娱,游戏 / 上市公司 / 2000人以上
大数据开发工程师,岭南,15k-30k,"15k-30k
                        经验3-5年 / 本科",快乐种子,"教育,游戏 / B轮 / 2000人以上"
数据运营岗,天河区,8k-12k,"8k-12k
                        经验1-3年 / 本科",泛华世纪保险销售服务有限公司,"移动互联网,金融 / 不需要融资 / 50-150人"
数据分析员,珠江新城,4k-6k,"4k-6k
                        经验1年以下 / 大专",广州文讯,"移动互联网,信息安全 / 不需要融资 / 50-150人"
数据分析师,天河区,15k-30k,"15k-30k
                        经验3-5年 / 本科",智品网络,"移动互联网,电商 / A轮 / 50-150人"
数据测算专员,棠下,5k-8k,"5k-8k
                        经验1-3年 / 大专",中建普联,"移动互联网,数据服务 / 不需要融资 / 150-500人"
高级数据分析师,天河区,20k-35k,"20k-35k
                        经验3-5年 / 本科",Goat Games,游戏 / 上市公司 / 50-150人
大数据库开发支持工程师,天河区,20k-26k,"20k-26k
                        经验3-5年 / 本科",广州思迈特,"企业服务,数据服务 / B轮 / 150-500人"
大型主流数据库开发工程师,五山,13k-15k,"13k-15k
                        经验3-5年 / 本科",奔步,"移动互联网,电商 / 不需要融资 / 150-500人"
数据库运维工程师,天河公园,8k-15k,"8k-15k
                        经验1-3年 / 本科",科大讯飞广州子公司,"移动互联网,信息安全 / 上市公司 / 50-150人"
大数据开发工程师,番禺区,15k-30k,"15k-30k
                        经验5-10年 / 本科",美的IoT,硬件 / 上市公司 / 2000人以上
数据推广主管（京东）,沙河,12k-15k,"12k-15k
                        经验1-3年 / 大专",卡姿兰集团,其他 / 未融资 / 500-2000人
数据专员,珠江新城,7k-10k,"7k-10k
                        经验1-3年 / 本科",点纯萍,"移动互联网,消费生活 / 上市公司 / 50-150人"
数据分析专员,建设,6k-8k,"6k-8k
                        经验不限 / 本科",链家广州分公司,"消费生活,其他 / C轮 / 2000人以上"
大数据运维,东风东,9k-13k,"9k-13k
                        经验1-3年 / 大专",慧博云通,企业服务 / 不需要融资 / 2000人以上
大数据工程师,越秀区,15k-30k,"15k-30k
                        经验1-3年 / 本科",建信金科,"金融,软件开发 / 不需要融资 / 2000人以上"
数据合规岗,珠江新城,10k-18k,"10k-18k
                        经验1-3年 / 本科",伟通,数据服务 信息安全 / 未融资 / 15-50人
大数据业务分析师（高级）(J11549),新港,12k-22k,"12k-22k
                        经验5-10年 / 本科",明略科技集团,"数据服务,广告营销 / D轮及以上 / 2000人以上"
数据产品经理/产品经理（B端）,东风东,9k-15k,"9k-15k
                        经验3-5年 / 大专",屈臣氏中国,消费生活 / 不需要融资 / 2000人以上
大数据平台架构师,天河区,40k-70k,"40k-70k
                        经验5-10年 / 本科",影子科技,"企业服务,数据服务 / 不需要融资 / 150-500人"
数据标注实习生,天河区,2k-4k,"2k-4k
                        经验不限 / 不限",掌门集团,"移动互联网,消费生活 / B轮 / 500-2000人"
游戏数据分析师,石牌,8k-15k,"8k-15k
                        经验不限 / 本科",4399游戏,游戏 / 未融资 / 500-2000人
大数据开发工程师,棠下,20k-30k,"20k-30k
                        经验3-5年 / 本科",3K游戏,"游戏,移动互联网 / 上市公司 / 150-500人"
高级数据产品经理,天河区,20k-40k,"20k-40k
                        经验3-5年 / 本科",网易,电商 / 上市公司 / 2000人以上
大数据工程师,五山,10k-15k,"10k-15k
                        经验3-5年 / 本科",上海中软华腾软件系统有限公司,"企业服务,金融 / 上市公司 / 2000人以上"
内勤数据文员,珠江新城,3k-5k,"3k-5k
                        经验应届毕业生 / 大专",珠海汇流,企业服务 / 不需要融资 / 150-500人
大数据算法工程师,天河区,16k-30k,"16k-30k
                        经验3-5年 / 本科",租租车,"旅游,消费生活 / C轮 / 500-2000人"
数据平台架构师,冼村,10k-15k,"10k-15k
                        经验5-10年 / 大专",侨鑫集团,其他 / 不需要融资 / 2000人以上
数据分析师（社会化媒体）,新港,6k-8k,"6k-8k
                        经验不限 / 本科",明略科技集团,"数据服务,广告营销 / D轮及以上 / 2000人以上"
数据分析师,员村,18k-25k,"18k-25k
                        经验3-5年 / 本科",智品网络,"移动互联网,电商 / A轮 / 50-150人"
数据开发工程师08-10-04,天河北,10k-20k,"10k-20k
                        经验3-5年 / 本科",大搜车,汽车丨出行 / D轮及以上 / 2000人以上
数据实习生(J10441),大学城,2k-4k,"2k-4k
                        经验1年以下 / 本科",有米科技,广告营销 / 上市公司 / 150-500人
大数据项目经理,天河区,15k-30k,"15k-30k
                        经验不限 / 本科",数字广东（腾讯投资公司）,移动互联网 / 不需要融资 / 500-2000人
数据分析师,棠下,10k-20k,"10k-20k
                        经验3-5年 / 本科",米多多游戏,游戏 / 不需要融资 / 150-500人
大数据工程师,东圃,12k-20k,"12k-20k
                        经验3-5年 / 本科",优托邦（UTOPA）,电商 / 不需要融资 / 2000人以上
数据分析师,海珠区,8k-15k,"8k-15k
                        经验3-5年 / 本科",升码科技,"移动互联网,消费生活 / 天使轮 / 15-50人"
大数据开发工程师,珠江新城,18k-35k,"18k-35k
                        经验5-10年 / 本科",智灵时代,人工智能 / 不需要融资 / 150-500人
高级数据分析师,江南大道,15k-30k,"15k-30k
                        经验3-5年 / 本科",中信网科,金融 / 不需要融资 / 500-2000人
数据仓库工程师（创新中心）,珠江新城,12k-20k,"12k-20k
                        经验3-5年 / 本科",电声营销,广告营销 / 上市公司 / 2000人以上
数据分析专家,广卫,10k-15k,"10k-15k
                        经验3-5年 / 本科",茉莉传媒,广告营销 / 不需要融资 / 150-500人
数据分析经理,石牌,10k-20k,"10k-20k
                        经验3-5年 / 不限",北鱼游戏,游戏 / 未融资 / 50-150人
大数据算法工程师（数据开发）,珠江新城,16k-20k,"16k-20k
                        经验3-5年 / 本科",森焱国际供应链管理,"电商,其他 / 未融资 / 50-150人"
数据运营,环市东,5k-10k,"5k-10k
                        经验1-3年 / 本科",触电传媒,"移动互联网,文娱丨内容 / 不需要融资 / 150-500人"
数据产品总监,黄埔区,30k-40k,"30k-40k
                        经验5-10年 / 本科",云徙科技,"数据服务,移动互联网 / B轮 / 500-2000人"
大数据开发工程师,五山,15k-25k,"15k-25k
                        经验5-10年 / 本科",东方通,数据服务 / 上市公司 / 500-2000人
数据开发工程师,黄埔区,8k-13k,"8k-13k
                        经验3-5年 / 本科",广州荷德曼,其他 / 未融资 / 50-150人
数据分析实习生,西关,2k-3k,"2k-3k
                        经验应届毕业生 / 大专",华仝九方,"信息安全,数据服务 / 不需要融资 / 50-150人"
数据分析师,珠江新城,8k-15k,"8k-15k
                        经验应届毕业生 / 硕士",广发银行信用卡中心,金融 / 不需要融资 / 2000人以上
大数据产品经理,番禺区,15k-20k,"15k-20k
                        经验3-5年 / 本科",美的IoT,硬件 / 上市公司 / 2000人以上
游戏数据分析经理,跑马场,18k-25k,"18k-25k
                        经验3-5年 / 本科",PLAY800,"移动互联网,游戏 / 天使轮 / 150-500人"
数据分析师 (MJ001580),番禺区,10k-20k,"10k-20k
                        经验3-5年 / 本科",SHEIN,"电商,移动互联网 / C轮 / 2000人以上"
大数据平台架构师,黄埔区,15k-25k,"15k-25k
                        经验5-10年 / 本科",佰聆数据,"数据服务,软件开发 / 不需要融资 / 150-500人"
数据库开发,东湖,6k-8k,"6k-8k
                        经验1-3年 / 大专",福建八萃,"移动互联网,企业服务 / 未融资 / 150-500人"
数据测试工程师,珠江新城,6k-12k,"6k-12k
                        经验3-5年 / 不限",电声营销,广告营销 / 上市公司 / 2000人以上
高级数据咨询师,林和,15k-20k,"15k-20k
                        经验3-5年 / 本科",Gridsum 国双,"数据服务,企业服务 / 上市公司 / 500-2000人"
地产大数据系统推广经理,番禺区,15k-25k,"15k-25k
                        经验3-5年 / 本科",融山科技,金融 / 不需要融资 / 150-500人
大数据开发组长,海珠区,24k-30k,"24k-30k
                        经验5-10年 / 本科",CLPS,"数据服务,金融 / 未融资 / 500-2000人"
数据管理专员08-10-01,天河北,10k-16k,"10k-16k
                        经验3-5年 / 本科",大搜车,汽车丨出行 / D轮及以上 / 2000人以上
数据分析师,天河北,10k-18k,"10k-18k
                        经验3-5年 / 本科",舒可士,"移动互联网,医疗丨健康 / B轮 / 50-150人"
数据分析师（自助分析方向）,广州大道南,15k-20k,"15k-20k
                        经验5-10年 / 本科",钱大妈,消费生活 / D轮及以上 / 2000人以上
数据可视化工程师,天河区,11k-15k,"11k-15k
                        经验1-3年 / 本科",省联合电子,"移动互联网,信息安全 / 不需要融资 / 500-2000人"
oracle数据库开发（体育西路）,天河北,10k-15k,"10k-15k
                        经验3-5年 / 本科",德惟科技,"金融,移动互联网 / 不需要融资 / 150-500人"
数据挖掘工程师,天河区,15k-30k,"15k-30k
                        经验3-5年 / 本科",太平洋网络有限公司,"电商,消费生活 / 上市公司 / 500-2000人"
数据分析师,员村,6k-12k,"6k-12k
                        经验1-3年 / 本科",上海浩宜信息科技有限公司,"数据服务,人工智能 / 不需要融资 / 150-500人"
数据仓库工程师,天河区,20k-40k,"20k-40k
                        经验不限 / 本科",网易,电商 / 上市公司 / 2000人以上
大数据开发工程师,海珠区,20k-30k,"20k-30k
                        经验5-10年 / 本科",明略科技集团,"数据服务,广告营销 / D轮及以上 / 2000人以上"
电商数据分析主任工程师,市桥,20k-30k,"20k-30k
                        经验5-10年 / 本科",美的电商,电商 / 上市公司 / 2000人以上
大数据开发工程师,冼村,18k-25k,"18k-25k
                        经验5-10年 / 本科",翡翠东方TVBC,文娱丨内容 / 不需要融资 / 150-500人
BI数据分析/运营专家,珠江新城,10k-20k,"10k-20k
                        经验3-5年 / 不限",蔚星科技,移动互联网 / 不需要融资 / 150-500人
大数据开发工程师,新港,8k-13k,"8k-13k
                        经验1-3年 / 大专",讯南网络,"通讯电子,软件开发 / 未融资 / 50-150人"
大数据开发工程师,大学城,10k-18k,"10k-18k
                        经验3-5年 / 本科",方纬科技,移动互联网 / 不需要融资 / 50-150人
大数据/区块链领域助理研究员,南沙区,15k-20k,"15k-20k
                        经验不限 / 硕士",中科院广州软件所,"移动互联网,数据服务 / 不需要融资 / 150-500人"
业务数据分析师,南洲,8k-13k,"8k-13k
                        经验1-3年 / 本科",巴图鲁公司,汽车丨出行 / C轮 / 500-2000人
高级产品经理（视频/直播/商业化/数据增长）,天河区,20k-28k,"20k-28k
                        经验3-5年 / 本科",智品网络,"移动互联网,电商 / A轮 / 50-150人"
管理培训生（数据分析-风险策略与建模方向）,珠江新城,8k-15k,"8k-15k
                        经验应届毕业生 / 硕士",广发银行信用卡中心,金融 / 不需要融资 / 2000人以上
数据仓库工程师,天河北,12k-24k,"12k-24k
                        经验3-5年 / 本科",全球购骑士特权,电商 / A轮 / 500-2000人
高级大数据开发工程师,天河区,23k-35k,"23k-35k
                        经验5-10年 / 本科",微世纪,移动互联网 / 天使轮 / 2000人以上
数据标注工程师（英语方向）,珠江新城,7k-12k,"7k-12k
                        经验不限 / 大专",网易,电商 / 上市公司 / 2000人以上
数据挖掘工程师,新港,15k-25k,"15k-25k
                        经验1-3年 / 本科",群接龙,"电商,社交 / A轮 / 50-150人"
数据运营专家,琶洲,12k-20k,"12k-20k
                        经验3-5年 / 本科",Fordeal,"电商,移动互联网 / C轮 / 2000人以上"
高级数据分析工程师 (MJ000131),天园,20k-40k,"20k-40k
                        经验5-10年 / 本科",荔枝,社交 / 上市公司 / 500-2000人
数据产品经理,珠江新城,12k-20k,"12k-20k
                        经验3-5年 / 本科",电声营销,广告营销 / 上市公司 / 2000人以上
大数据开发工程师,天河区,10k-18k,"10k-18k
                        经验3-5年 / 本科",广州南天,数据服务 / 上市公司 / 500-2000人
大数据运维工程师,棠下,13k-26k,"13k-26k
                        经验3-5年 / 本科",荔枝,社交 / 上市公司 / 500-2000人
数据工程师,景泰,7k-14k,"7k-14k
                        经验1-3年 / 本科",东方国信,数据服务 / 上市公司 / 2000人以上
数据中台产品经理-广州,珠江新城,20k-40k,"20k-40k
                        经验3-5年 / 本科",网易,电商 / 上市公司 / 2000人以上
数据建模师,珠江新城,9k-12k,"9k-12k
                        经验1-3年 / 硕士",数鼎,"移动互联网,数据服务 / 天使轮 / 15-50人"
大数据平台研发工程师,林和,15k-30k,"15k-30k
                        经验3-5年 / 本科",盗⒎,其他 / 上市公司 / 50-150人
数据挖掘算法工程师,越秀区,8k-15k,"8k-15k
                        经验不限 / 硕士",广东智源,"移动互联网,企业服务 / 不需要融资 / 50-150人"
